time,stock,side,entry,size,tp1,tp2,sl,status,partial,pnl
1778152127.0828753,BBRI.JK,SELL,3310.0,6042.2961,3243.8,3177.6,3376.2000000000003,CLOSED,True,0
1778152223.163442,BBRI.JK,SELL,3310.0,6042.2961,3243.8,3177.6,3376.2000000000003,CLOSED,True,0
1778152697.0544991,BBRI.JK,SELL,3310.0,6042.2961,3243.8,3177.6,3343.1,OPEN,False,0
