time,stock,side,entry,size,tp1,tp2,sl,status,partial,pnl
1778087046.214131,BBCA.JK,BUY,5950.0,8403.3613,6069.0,6188.0,5989.5,OPEN,False,0.0
1778087046.3561027,BBRI.JK,BUY,3160.0,7911.3924,3223.2000000000003,3286.4,3197.7,OPEN,True,0.0
1778087046.4887414,TLKM.JK,BUY,2900.0,17241.3793,2958.0,3016.0,2920.5,OPEN,False,0.0
