time,stock,side,entry,size,tp1,tp2,sl,status,partial,pnl
1778087046.214131,BBCA.JK,BUY,5950.0,8403.3613,6069.0,6188.0,5950.0,CLOSED,False,-49999999.735
1778087046.3561027,BBRI.JK,BUY,3160.0,7911.3924,3223.2000000000003,3286.4,3160.0,CLOSED,True,-24999999.984
1778087046.4887414,TLKM.JK,BUY,2900.0,8620.68965,2958.0,3016.0,2930.4,CLOSED,True,-24999999.985
1778133459.32917,BBCA.JK,BUY,6050.0,25224.5358,6171.0,6292.0,5989.5,CLOSED,False,-152608441.59
1778133460.6809535,BBRI.JK,BUY,3230.0,47247.1955,3294.6,3359.2000000000003,3197.7,CLOSED,False,-152608441.465
