time,stock,side,entry,size,tp1,tp2,sl,status,partial,pnl
1778087046.214131,BBCA.JK,BUY,5950.0,8403.3613,6069.0,6188.0,5950.0,OPEN,False,840336.13
1778087046.3561027,BBRI.JK,BUY,3160.0,7911.3924,3223.2000000000003,3286.4,3160.0,OPEN,True,553797.468
1778087046.4887414,TLKM.JK,BUY,2900.0,8620.68965,2958.0,3016.0,2930.4,OPEN,True,344827.586
1778133459.32917,BBCA.JK,BUY,6050.0,25224.5358,6171.0,6292.0,5989.5,OPEN,False,0.0
1778133460.6809535,BBRI.JK,BUY,3230.0,47247.1955,3294.6,3359.2000000000003,3197.7,OPEN,False,0.0
